"","Country","Code","poverty_gap","public_health_exp","malnutrition_death_rates","Infant_mortality_rate","GDP_per_capita","annual_health_care_per_capita","life_exp","median_age_2010","fertility","lower_secondary","gov_expen","gross_enrol_secondary","gross_enrol_primary","gov_expen_ter_2010","grad_per_f","teritary_share_2010","men_earings","women_earnings","earnings_ratio_gap","men_employment","women_employmet","employment_ratio_gap","wage_gap","male_literacy_2011","female_literacy_2011","female_prp","female_top_managers_2013","homicide_Rate"
"1","Afghanistan","AFG",NA,2.92056601,3.390730087,6.09,1839.273579,160.3680266,62.054,16,5.38,NA,2.52441000938416,56.6773414611816,108.928520202637,NA,NA,3.65,NA,NA,31161000,NA,NA,33397058,NA,61.8790702819824,32.113224029541,NA,NA,11.44593269
"2","Albania","ALB",4424530,2.7357041,0.167334462,0.95,10369.82338,544.0061718,77.252,32.299999,1.69,94.165283203125,NA,92.7414703369141,104.784393310547,NA,NA,0.93,NA,NA,2914000,56.62,43.68,3227373,NA,98.7313613891602,98.8562393188477,14.7,11.7,2.481095013
"3","Algeria","DZA",NA,4.52025089,0.298913897,2.24,13161.96167,821.3388854,75.436,26,2.94,114.83487701416,NA,NA,118.267356872559,NA,NA,6.66,NA,NA,37384000,NA,NA,36485828,NA,NA,NA,NA,NA,1.229985964
"4","Andorra","AND",NA,5.74703988,0.083869037,0.37,NA,3426.500209,82.202,NA,NA,NA,NA,NA,NA,0.118380002677441,33.3333282470703,NA,NA,NA,82000,NA,NA,87518,NA,NA,NA,NA,NA,0.755515422
"5","Angola","AGO",1463402895,2.1373165,23.7240619,6.78,5999.902106,223.2445288,57.236,16.299999,6,NA,NA,NA,NA,NA,NA,NA,NA,NA,25108000,NA,NA,20162517,NA,NA,NA,NA,NA,3.694127483
"6","Antigua and Barbuda","ATG",NA,3.65233263,2.394341186,0.7,19047.20024,1128.176372,76.087,29.299999,2.1,100.062698364258,NA,105.393508911133,97.8928604125977,NA,33.3333282470703,NA,NA,NA,90000,NA,NA,90510,NA,NA,NA,NA,NA,5.701403053
"7","Argentina","ARG",205214278.5,2.95895087,1.962631939,1.19,19224.8744,1133.039588,75.598,29.9,2.35,87.6616516113281,5.34582996368408,105.19255065918,112.978256225586,0.914740025997162,41.9838981628418,2.87,8.22,8.37,41755000,NA,NA,41118986,NA,NA,NA,32.3,NA,6.349178929
"8","Armenia","ARM",6819879,1.87568154,0.040160984,1.45,7511.132482,331.6103735,73.82,32.900002,1.73,NA,2.77248001098633,NA,NA,0.378639996051788,NA,15.03,NA,NA,2884000,60.21,45.21,3108972,NA,99.8184204101563,99.8761901855469,NA,19.1,4.089238066
"9","Australia","AUS",NA,6.28563327,0.192233597,0.36,42754.45629,4151.819526,82.291,36.900002,1.9,NA,4.89418983459473,136.879623413086,106.453323364258,1.24056994915009,NA,18.52,NA,NA,22904000,68.03,55.62,22918688,13.8,NA,NA,NA,NA,1.362175759
"10","Austria","AUT",NA,8.41718956,0.010509937,0.33,44551.61757,4862.869021,80.906,41.900002,1.46,99.0087585449219,5.48040008544922,97.7844161987305,100.76927947998,1.58666002750397,25.5401992797852,9.37,NA,NA,8502000,63.62,52.37,8428915,18.2,NA,NA,27.1,NA,0.825863035
"11","Azerbaijan","AZE",8384415,1.2105966,0.382813305,2.86,15888.218,873.877457,71.506,28.700001,2.05,94.1759796142578,2.06761002540588,100.268608093262,97.9553070068359,0.390370011329651,42.0569305419922,NA,NA,NA,9265000,64.9,57.6,9421233,NA,99.9560317993164,99.9317626953125,NA,2.4,3.716659058
"12","Bahamas","BHS",NA,3.29824927,0.911885517,0.81,29395.61972,1725.575444,72.424,30.9,1.83,NA,NA,NA,NA,NA,NA,NA,NA,NA,364000,NA,NA,351275,NA,NA,NA,NA,NA,31.29603021
"13","Bahrain","BHR",NA,2.76266224,0.835224134,0.68,40960.33318,1788.868383,76.342,30.1,2.09,NA,2.64530992507935,NA,NA,NA,NA,7.76,NA,NA,1300000,NA,NA,1359485,NA,NA,NA,NA,NA,1.602380913
"14","Bangladesh","BGD",2433405506,0.98448372,5.943306699,3.5,2706.586745,85.14951446,70.606,23.9,2.21,NA,2.17549991607666,53.5320510864258,NA,0.2603600025177,36.4034194946289,2.28,NA,NA,151006000,NA,NA,152408774,NA,NA,NA,NA,4.8,1.743768538
"15","Barbados","BRB",NA,4.84151341,1.031968024,1.29,16463.765,1160.823549,78.547,37,1.79,NA,5.25890016555786,NA,NA,1.90964996814728,NA,2.07,NA,NA,284000,64,53.6,274530,NA,NA,NA,NA,NA,11.29500474
"16","Belarus","BLR",0,3.8657579,0.137178978,0.36,17479.9294,859.4886454,72.07,38.900002,1.62,97.6360321044922,4.95964002609253,107.004867553711,98.9761428833008,0.926620006561279,32.5225601196289,NA,NA,NA,9417000,76.2,85.5,9527498,NA,NA,NA,NA,32.7,8.683693463
"17","Belgium","BEL",NA,8.18629897,0.744018619,0.35,41046.48119,4237.731493,80.444,40.900002,1.8,93.9875793457031,NA,106.309463500977,103.550163269043,1.42053997516632,24.2000293731689,17.69,NA,NA,11085000,55.17,43.61,10787788,6.4,NA,NA,31.7,NA,1.546726782
"18","Belize","BLZ",13699399,3.57774343,3.22742604,1.53,7974.034168,449.9795476,73.044,21.9,2.64,64.3162384033203,NA,78.3836517333984,113.791709899902,0.573780000209808,NA,3.18,NA,NA,338000,72.17,40.34,324292,NA,NA,NA,NA,NA,27.36666815
"19","Benin","BEN",1294268648,2.15409384,14.082624,7.04,1855.953118,83.3296218,59.842,17.9,5.25,NA,4.86815977096558,NA,122.76953125,0.784789979457855,NA,2.01,NA,NA,9729000,NA,NA,9351838,NA,NA,NA,NA,NA,5.453578299
"20","Bhutan","BTN",2104079,2.70086093,0.992816106,3.11,7032.74666,268.4584055,69.263,23.799999,2.24,69.779670715332,NA,73.6317672729492,110.975616455078,0.608120024204254,NA,NA,NA,NA,702000,64.42,61.84,750443,NA,NA,NA,NA,NA,1.111993442
"21","Bolivia","BOL",344419840,3.77236617,7.769716697,3.34,5792.933051,333.4974473,69.01,22.799999,3.07,87.7177200317383,6.42524003982544,82.8828964233398,NA,2.26945996284485,NA,8.43,4.78,4.26,10378000,78.97,56.47,10248042,NA,99.2466278076172,98.7720184326172,NA,NA,6.447812048
"22","Bosnia and Herzegovina","BIH",531221,7.08021227,0.042594576,0.57,9929.707283,947.943652,76.401,38.900002,1.31,90.9727478027344,NA,89.0124130249023,100.494567871094,NA,NA,NA,NA,NA,3605000,41.52,22.59,3744235,NA,NA,NA,23,24.1,2.650894136
"23","Botswana","BWA",66471975,3.95538221,5.405692232,3.68,14244.49431,878.7249266,63.511,23,2.86,88.7707138061523,NA,82.7621536254883,108.065582275391,NA,NA,2.02,NA,NA,2040000,NA,NA,2053237,NA,NA,NA,NA,NA,8.642611649
"24","Brazil","BRA",3481037120,3.66135204,3.62834355,1.54,15119.91214,1257.327661,74.209,29,1.78,NA,5.85510015487671,95.5837326049805,130.376022338867,0.926069974899292,31.0992794036865,5.63,7.82,6.54,199287008,NA,NA,198360943,NA,97.9099884033203,99.0731506347656,36.4,NA,30.64070229
"25","Brunei","BRN",NA,2.11253245,0.140233666,0.89,81993.93208,1706.219453,74.962,27.5,1.87,104.243698120117,2.88959002494812,105.711692810059,106.783729553223,0.498959988355637,49.4350318908691,6.51,NA,NA,399000,NA,NA,412892,NA,99.1998901367188,99.5460586547852,NA,NA,1.466854152
"26","Bulgaria","BGR",39035034.5,3.9998185,0.049466279,0.83,15772.09659,1131.182789,74.126,42.400002,1.51,40.3238105773926,3.50202989578247,93.1796417236328,100.128936767578,0.579779982566834,37.6329116821289,13.07,NA,NA,7334000,50.79,42.64,7397873,NA,98.0669326782227,97.6510620117188,35.5,23.9,2.450389098
"27","Burkina Faso","BFA",1524434363,2.98036859,20.0326172,6.06,1521.454295,82.40361559,58.374,16.700001,5.69,20.1663703918457,4.05353021621704,25.9408397674561,83.6821899414063,0.742129981517792,18.7525806427002,NA,NA,NA,16571000,NA,NA,17481984,NA,NA,NA,NA,NA,10.24386467
"28","Burundi","BDI",2184771886,4.93086533,29.40233965,5.31,778.7354836,60.80011299,58.568,17.6,6.06,19.7576999664307,5.82090997695923,27.8977909088135,133.305282592773,1.22500002384186,33.5,0.54,NA,NA,9246000,NA,NA,8749387,NA,NA,NA,NA,NA,0.622290311
"29","Cambodia","KHM",28796894,1.5033407,3.96983899,3.26,2807.007055,177.6133266,67.48,22.700001,2.74,44.672908782959,1.56269001960754,NA,121.354461669922,0.378529995679855,NA,1.32,NA,NA,14780000,NA,NA,14478320,NA,NA,NA,16.7,NA,2.55507946
"30","Cameroon","CMR",1387959804,1.0667471,10.05424141,6.44,3021.20597,117.7681517,56.073,18,4.98,NA,2.6971800327301,50.4674301147461,110.811309814453,0.299600005149841,NA,1.64,NA,NA,21485000,NA,NA,20468943,NA,NA,NA,NA,NA,2.974867081
"31","Canada","CAN",NA,7.65114455,0.344492942,0.48,41794.53892,4585.420877,81.674,39.700001,1.62,NA,NA,110.267601013184,99.6937713623047,1.90082001686096,NA,22.67,NA,NA,34922000,65.54,57.89,34674708,19.5,NA,NA,NA,NA,1.655104428
"32","Cape Verde","CPV",5305275,3.33864148,1.428699752,1.98,5986.939054,288.1608013,71.445,22,2.53,78.6594085693359,NA,91.4871292114258,113.220733642578,NA,NA,NA,NA,NA,505000,NA,NA,505335,NA,NA,NA,NA,NA,13.66546363
"33","Central African Republic","CAF",1014056505,1.76802987,35.37633532,9.8,938.8237795,33.65525446,48.638,18.5,5.12,12.7098503112793,NA,17.3780097961426,93.4557266235352,0.246619999408722,NA,0.83,NA,NA,4436000,NA,NA,4575586,NA,NA,NA,NA,NA,7.760958112
"34","Chad","TCD",1245570384,1.42193941,24.5538436,8.17,1962.87773,59.90136056,51.928,15.6,6.37,15.7359304428101,2.20615005493164,22.4027900695801,93.9981307983398,0.391609996557236,NA,NA,NA,NA,12785000,NA,NA,11830573,NA,NA,NA,NA,NA,6.049140264
"35","Chile","CHL",56681835.5,3.47616472,2.067331592,0.72,21330.23991,1538.742736,79.176,32.099998,1.83,96.1428985595703,NA,91.4658889770508,101.725601196289,0.933659970760345,19.3281402587891,5.92,NA,NA,17400000,68.02,43.84,17423214,NA,99.2143936157227,99.6053695678711,NA,NA,4.433581443
"36","China","CHN",12832933170,2.94581376,0.707768362,1.16,11145.75158,588.3594347,75.013,35.200001,1.6,NA,NA,92.1432495117188,110.088768005371,NA,NA,2.71,NA,NA,1384205952,NA,NA,1353600687,NA,NA,NA,NA,NA,1.170143693
"37","Colombia","COL",942827120,5.27751219,2.595053158,1.49,11840.24043,835.6853911,75.882,28,1.95,92.8255081176758,4.38531017303467,99.8500289916992,116.561210632324,1.06684005260468,33.865291595459,18.55,4.33,4.12,46076000,75.83,50.04,47550708,8.2,97.7604522705078,98.7243423461914,NA,NA,36.22662571
"38","Comoros","COM",20148949,2.64660402,12.13211213,5.95,1422.229487,101.522384,62.595,19.1,4.73,NA,4.88998985290527,NA,NA,NA,NA,NA,NA,NA,724000,NA,NA,773344,NA,NA,NA,NA,NA,7.86241456
"39","Congo","COG",434664301.5,3.14942137,12.0278686,4.05,5271.16806,230.6448177,61.423,19.299999,4.88,51.9218788146973,NA,54.5433807373047,110.888458251953,0.676360011100769,NA,0.64,NA,NA,4510000,NA,NA,4233063,NA,85.6836090087891,76.9460830688477,NA,NA,5.412921529
"40","Costa Rica","CRI",21928470,7.00022695,0.368024244,0.85,13878.0474,1322.401185,79.074,29.200001,1.87,58.6398811340332,6.6898398399353,107.950958251953,114.554046630859,1.25458002090454,NA,14.69,NA,NA,4688000,69.2,43.46,4793725,0.6,99.007682800293,99.2581176757813,NA,NA,9.596595489
"41","Cote d'Ivoire","CIV",1460358430,1.88504549,12.07723483,7.31,2712.378026,172.158423,54.271,17.9,5.14,31.9705791473389,4.61108016967773,NA,84.9939117431641,NA,NA,2.13,NA,NA,21547000,NA,NA,20594615,NA,NA,NA,NA,NA,10.15836388
"42","Croatia","HRV",16879096.5,6.36320706,0.010907787,0.45,20346.75535,1643.41053,77.301,41.700001,1.49,97.1488571166992,NA,99.7670593261719,95.7502212524414,0.778829991817474,34.5582809448242,11.04,NA,NA,4296000,49.5,37.42,4387376,NA,99.712043762207,99.7357177734375,25.8,18.7,1.326897858
"43","Cuba","CUB",NA,8.08825537,0.266434619,0.45,NA,1704.373292,78.446,38.5,1.69,95.2328262329102,NA,91.9312591552734,99.844612121582,NA,39.9167213439941,13.32,NA,NA,11257000,NA,NA,11249266,NA,NA,NA,NA,NA,5.906815853
"44","Cyprus","CYP",NA,3.41160371,0.306304538,0.27,31690.70277,2215.658224,79.812,33.900002,1.39,95.6126937866211,NA,95.2998504638672,100.175346374512,1.36278998851776,48.6792488098145,20.75,NA,NA,1135000,61.85,50.65,1129166,NA,99.8045425415039,99.8383102416992,16.4,NA,1.767067362
"45","Czech Republic","CZE",5830948,6.341765,0.254388011,0.25,28527.13873,2057.588861,78.067,39.599998,1.49,92.4459686279297,4.2508602142334,97.0830688476563,99.5738906860352,0.917940020561218,32.3744087219238,7.59,12.44,9.79,10581000,63.61,45.94,10565678,15.3,NA,NA,23.1,11.6,1.353731153
"46","Democratic Republic of Congo","COD",20132145500,1.68717363,21.82869664,8.04,706.7979638,24.55287183,57.914,16.9,6.36,39.6840896606445,NA,41.2836990356445,101.459381103516,0.384550005197525,NA,0.46,NA,NA,69021000,NA,NA,69575394,NA,NA,NA,NA,10.8,3.337154294
"47","Denmark","DNK",NA,9.41966027,0.261145943,0.35,44336.81246,4688.673649,79.958,40.599998,1.73,96.5777587890625,7.23782014846802,123.682510375977,101.375106811523,2.35520005226135,37.2492408752441,14.98,NA,NA,5611000,62.33,54.6,5592738,7,NA,NA,28.8,NA,0.802655149
"48","Djibouti","DJI",46273787.5,5.25888563,17.40058839,5.93,NA,257.6303507,61.395,21.9,3.13,47.4889602661133,NA,43.0634307861328,67.9332275390625,0.740859985351563,NA,NA,NA,NA,868000,NA,NA,922708,NA,NA,NA,NA,14.2,8.298662451
"49","Dominica","DMA",NA,3.66936388,1.67088083,2.24,9981.101135,553.2149498,74.017,NA,NA,88.8111877441406,NA,NA,119.012130737305,NA,NA,NA,NA,NA,71000,NA,NA,67665,NA,NA,NA,NA,NA,11.69141846
"50","Dominican Republic","DOM",47912528,2.70181226,1.612918907,2.77,11494.94971,500.3807319,72.523,24.799999,2.54,74.6909484863281,NA,76.3887405395508,102.914360046387,NA,34.9784812927246,2.06,4.03,3.72,9931000,70.28,41.11,10183339,NA,96.0916900634766,98.0536422729492,58,NA,20.90433718
"51","Ecuador","ECU",263066742,2.957293,4.198434543,1.44,10322.1789,678.1083502,75.495,25.200001,2.6,83.9152526855469,4.64307022094727,85.4583892822266,116.983299255371,1.08316004276276,29.6882991790771,5.19,NA,NA,15474000,75.27,46.46,14864987,NA,98.5865020751953,98.8053207397461,43.2,NA,17.87372276
"52","Egypt","EGY",NA,1.90923133,2.120004429,2.24,9822.420181,542.4597849,70.736,23.9,3.31,NA,NA,83.6341018676758,106.204536437988,NA,NA,6.65,NA,NA,86422000,67.04,17.01,83958369,NA,NA,NA,NA,7.1,0.833145966
"53","El Salvador","SLV",41253541,4.21047115,4.337338823,1.51,6663.811622,526.7184613,71.692,24.200001,2.19,87.2969818115234,3.33400988578796,77.1446685791016,117.86589050293,0.426620006561279,28.6112308502197,3.92,3.61,3.61,6238000,NA,NA,6264129,NA,96.1505584716797,96.9458923339844,55.8,NA,102.1411907
"54","Equatorial Guinea","GNQ",NA,3.32588194,7.130223295,7.6,35632.04564,1367.393441,56.288,21.6,5.04,32.1316909790039,NA,NA,84.457389831543,NA,NA,NA,NA,NA,1031000,NA,NA,740471,NA,NA,NA,NA,NA,3.206763867
"55","Eritrea","ERI",NA,1.38397646,39.96096557,3.68,NA,44.79592593,76.446,40.200001,1.62,55.3558616638184,NA,36.5461196899414,52.9173393249512,NA,NA,NA,NA,NA,3250000,NA,NA,5580862,NA,NA,NA,NA,NA,12.32115577
"56","Estonia","EST",11076582,5.11576165,0.049861494,0.31,25691.99964,1555.765993,76.446,40.200001,1.62,100.733787536621,4.71293020248413,107.529846191406,101.709571838379,1.20129001140594,36.1660118103027,18.87,NA,NA,1323000,60.89,50.37,1339762,NA,99.9392395019531,99.9590377807617,31.6,25.3,5.614586337
"57","Ethiopia","ETH",4424216538,3.31059512,19.1349143,5.04,1230.575484,72.46903911,63.281,17.5,4.68,25.7135391235352,5.56678009033203,36.2312202453613,94.7794189453125,1.97564995288849,NA,NA,NA,NA,92727000,61.74,42.6,86538534,NA,NA,NA,NA,NA,7.71789879
"58","Fiji","FJI",5430105,2.76214864,3.146962695,2.04,7537.926213,309.7298772,66.859,26.5,2.62,94.9636077880859,NA,88.6682510375977,104.917259216309,NA,NA,7.03,NA,NA,865000,NA,NA,875822,NA,NA,NA,NA,NA,4.221564277
"59","Finland","FIN",NA,7.04083988,0.032001876,0.23,39912.94136,3608.12012,80.586,42,1.8,97.1397476196289,7.19254016876221,107.485900878906,100.41381072998,2.08303999900818,27.820520401001,12.35,NA,NA,5415000,58.46,52.03,5402627,18.7,NA,NA,29.7,NA,1.806938027
"60","France","FRA",NA,8.82605179,1.469109926,0.34,37327.9444,4285.438593,81.852,40,1.99,102.743873596191,5.46131992340088,111.665321350098,106.230072021484,1.28605997562408,29.8428497314453,10.6,NA,NA,63564000,56.01,46.72,63457777,NA,NA,NA,39.2,NA,0.957296072
"61","Gabon","GAB",18534481,2.2102012,7.165545231,4.04,16159.72185,556.4607717,62.924,21.5,4.01,NA,3.01340007781982,NA,NA,NA,NA,6.3,NA,NA,1750000,NA,NA,1563873,NA,NA,NA,NA,NA,5.203611201
"62","Gambia","GMB",223180783,3.67221276,15.75168867,4.64,1560.330276,97.87944087,60.178,16.799999,5.64,64.6090469360352,4.10118007659912,NA,84.0134429931641,0.410430014133453,45.6571197509766,0.91,NA,NA,1905000,64.01,44.08,1824777,NA,NA,NA,33.7,NA,1.299064957
"63","Georgia","GEO",133867692,1.21034891,0.061447488,1.3,7881.329048,634.457383,72.097,36.599998,1.98,103.710678100586,1.98330998420715,NA,114.530128479004,NA,42.1109313964844,NA,NA,NA,4064000,65.6,49.5,4304363,NA,NA,NA,NA,32,3.634235766
"64","Germany","DEU",NA,8.36111454,0.109203493,0.33,42822.0994,4709.593602,80.391,44.299999,1.42,NA,4.93331003189087,102.883880615234,103.090301513672,1.33466994762421,NA,13.14,NA,NA,80973000,62.75,51.23,81990837,15.3,NA,NA,27.1,NA,0.805564196
"65","Ghana","GHA",733276386,3.14067583,13.4796099,4.48,3632.44568,178.4253553,61.72,19.9,4.19,66.4318771362305,7.91913986206055,58.1386909484863,109.711067199707,1.43770003318787,17.0597991943359,1.44,NA,NA,25996000,NA,NA,25545939,NA,NA,NA,NA,14.9,3.198542832
"66","Greece","GRC",NA,6.27443023,0.010207733,0.33,24364.26906,2319.270226,80.963,41,1.37,98.3531112670898,NA,105.168449401855,99.2927932739258,NA,37.9845390319824,22.5,NA,NA,10781000,48.08,31.58,11418878,6.9,NA,NA,22.2,NA,1.415312985
"67","Grenada","GRD",NA,3.04594194,1.963943424,1.34,11048.50429,714.7746282,72.669,25,2.19,NA,NA,NA,NA,NA,NA,NA,NA,NA,107000,NA,NA,105303,NA,NA,NA,NA,NA,4.965610932
"68","Guatemala","GTM",383727420,2.14774653,21.5521919,2.72,6899.108739,441.680547,72.236,19.700001,3.22,59.4546585083008,2.95785999298096,64.0707092285156,110.674629211426,0.317649990320206,NA,0,NA,NA,15271000,85.49,44.07,15137569,NA,NA,NA,35.6,NA,36.30887503
"69","Guinea","GIN",833962877,2.09894618,21.88036618,6.54,1684.153841,65.71973754,57.905,18.1,5.18,35.6954116821289,1.89600002765656,37.6192398071289,88.6705780029297,1.33782005310059,NA,NA,NA,NA,10652000,NA,NA,10480710,NA,NA,NA,NA,NA,6.609790223
"70","Guinea-Bissau","GNB",355291146,1.59137059,13.65521274,6.62,1412.954212,91.52068168,55.645,18.4,4.92,NA,2.00106000900269,NA,NA,0.0934500023722649,NA,NA,NA,NA,1605000,NA,NA,1579632,NA,NA,NA,NA,NA,8.665844162
"71","Guyana","GUY",13492736,4.33943785,6.703656966,2.95,6420.114762,424.2785446,68.575,24.299999,2.61,NA,3.18242001533508,89.3368377685547,85.4383697509766,0.193800002336502,25.1012096405029,0.24,NA,NA,755000,NA,NA,757623,NA,NA,NA,NA,NA,18.95994191
"72","Haiti","HTI",2062337235,0.98027129,7.023988129,5.88,1584.832466,159.4500485,61.26,21.6,3.17,NA,NA,NA,NA,NA,NA,0.67,NA,NA,10251000,NA,NA,10255644,NA,NA,NA,NA,NA,19.60154135
"73","Honduras","HND",496511325,4.45364758,2.230295145,1.86,4136.822058,421.8827931,73.814,21.1,2.69,48.8663787841797,NA,72.510139465332,113.266891479492,0.889750003814697,39.183349609375,1.93,3.84,4.44,8641000,77.66,37.06,7912032,NA,94.9314422607422,96.9261093139648,35.8,NA,102.7428355
"74","Hungary","HUN",14446992,4.91010603,0.079044571,0.48,22582.07281,1744.13678,75.107,40.099998,1.33,NA,NA,101.860229492188,100.300247192383,0.965210020542145,27.8233699798584,15.38,NA,NA,9864000,52.53,40.2,9949589,11.3,NA,NA,36.3,20.4,1.884940881
"75","Iceland","ISL",NA,6.99404794,0.149653546,0.19,39931.60936,3529.113419,82.095,34.799999,2.01,97.1648406982422,7.86642980575562,111.170257568359,98.6670684814453,1.54840004444122,35.1902198791504,17.89,NA,NA,326000,77.41,72.71,328290,NA,NA,NA,38.2,NA,0.734060168
"76","India","IND",34526206800,1.18387275,3.152420165,4.11,4827.559656,217.1842987,67.545,25.1,2.48,NA,3.8675000667572,69.1641464233398,109.757751464844,1.19758999347687,NA,4.85,NA,NA,1265779968,77.17,22.48,1258350971,NA,90.0448303222656,81.8498077392578,13,NA,3.316606848
"77","Indonesia","IDN",3285500634,1.14773652,8.655323018,2.54,9251.175537,273.8299528,69.866,26.700001,2.46,82.5255737304688,3.40748000144959,80.4074172973633,108.691452026367,0.451469987630844,NA,3.73,NA,NA,248452000,79.88,49.01,244769110,NA,98.803840637207,98.7518005371094,NA,NA,1.079711759
"78","Iran","IRN",10563392,2.68760016,0.323562402,1.54,16625.91922,1143.93808,74.776,26.9,1.74,96.2300109863281,3.16859006881714,87.6428375244141,105.282348632813,0.826749980449677,26.9013900756836,14.66,NA,NA,75540000,NA,NA,75611798,NA,NA,NA,NA,NA,2.648689086
"79","Iraq","IRQ",NA,3.28004061,0.416116094,2.89,14625.97401,650.8411568,69.148,18.9,4.54,NA,NA,NA,NA,NA,NA,8.77,NA,NA,31890000,NA,NA,33703068,NA,NA,NA,NA,NA,7.203227897
"80","Ireland","IRL",NA,5.62241699,0.056455863,0.34,44973.17526,3813.985997,80.593,34.599998,2,NA,5.75110006332397,126.093330383301,103.637756347656,1.35446000099182,28.6104907989502,26.8,NA,NA,4608000,55.64,46.79,4579498,8.5,NA,NA,30.4,NA,0.897519276
"81","Israel","ISR",NA,4.865017,0.23129631,0.34,30582.15371,2446.055935,81.833,30.1,3.03,98.1300201416016,5.66922998428345,101.063987731934,105.594078063965,0.933200001716614,NA,20.26,NA,NA,7615000,64.63,54.07,7694670,NA,NA,NA,NA,10.1,2.243607983
"82","Italy","ITA",7893417,6.9931209,0.123587516,0.32,35227.62483,3304.59641,82.298,43.799999,1.43,102.281700134277,NA,101.677391052246,100.857490539551,0.816089987754822,45.1787605285645,6.84,NA,NA,59879000,53.43,35.02,60964145,11.1,99.8510284423828,99.8686981201172,22.2,NA,0.928088211
"83","Jamaica","JAM",NA,3.27376045,1.825813284,1.52,8016.04319,480.8947124,74.001,27.6,2.1,NA,6.11454010009766,NA,NA,1.39174997806549,NA,8.37,NA,NA,2842000,61.9,44.95,2761331,NA,NA,NA,NA,NA,36.35991129
"84","Japan","JPN",NA,8.40992077,0.276142621,0.22,36367.59706,3621.575814,83.283,44.700001,1.4,NA,3.69226002693176,101.807258605957,102.30004119873,0.759519994258881,14.3672399520874,18.91,NA,NA,128424000,67.53,46.22,126434653,26.5,NA,NA,NA,NA,0.599091542
"85","Jordan","JOR",NA,5.50930257,0.137456789,1.7,8964.263431,834.6770479,73.722,21.5,3.6,87.2619094848633,NA,84.2942886352539,88.7190475463867,NA,NA,3.8,NA,NA,8090000,NA,NA,6457260,NA,99.0508270263672,99.2532196044922,NA,2.4,2.800377499
"86","Kazakhstan","KAZ",1164386.5,2.40821469,0.463064033,1.46,21986.31892,943.0090174,68.805,28.9,2.7,96.3386383056641,NA,101.294570922852,109.16918182373,NA,NA,14.03,NA,NA,16752000,NA,NA,16381297,NA,NA,NA,NA,18.9,10.6193875
"87","Kenya","KEN",2581380375,3.32293745,18.34257352,3.83,2602.597687,149.2181468,62.659,18.200001,4.17,NA,5.50903987884521,67.6403884887695,116.131248474121,NA,NA,3.4,NA,NA,44343000,NA,NA,42749418,NA,NA,NA,NA,13.4,10.59155402
"88","Kiribati","KIR",3326026,8.31360947,28.36272696,4.79,1762.060349,176.8544521,66.381,21.6,3.8,NA,NA,NA,NA,NA,NA,NA,NA,NA,106000,NA,NA,102660,NA,NA,NA,NA,NA,1.849261382
"89","Kuwait","KWT",NA,2.1872224,0.012275093,0.85,77618.00034,2017.852635,74.728,29.5,2.09,89.9771499633789,NA,92.5220336914063,105.988922119141,NA,NA,4.28,NA,NA,3349000,NA,NA,2891553,NA,NA,NA,NA,NA,0.930346204
"90","Kyrgyzstan","KGZ",28789959,4.19724385,0.184897172,2.32,2869.838962,202.2428949,69.868,24,3.08,88.1060180664063,7.38423013687134,NA,102.946533203125,0.902899980545044,41.6901397705078,9,NA,NA,5622000,71.34,46.88,5448085,NA,NA,NA,NA,28.8,5.506506189
"91","Laos","LAO",164222187,0.79224628,4.942721047,5.6,4794.108611,97.41470086,65.267,20.700001,2.97,45.6432113647461,1.82147002220154,47.8338088989258,120.065040588379,NA,17.4274997711182,3.3,NA,NA,6445000,NA,NA,6373934,NA,NA,NA,NA,NA,4.051664511
"92","Latvia","LVA",13655708.5,3.5769554,0.07126318,0.57,20827.9116,869.7877289,73.778,40.799999,1.51,NA,6.59438991546631,98.7889099121094,104.383918762207,0.807799994945526,30.0893707275391,12.42,NA,NA,2069000,55.7,46.76,2234572,NA,99.8021926879883,99.8701095581055,44.6,31.5,7.315994922
"93","Lebanon","LBN",NA,3.23585528,0.195028881,0.81,15057.28703,1085.665973,78.611,28.5,1.67,60.6170082092285,2.15629005432129,71.0396728515625,99.085823059082,0.443709999322891,NA,NA,NA,NA,5538000,NA,NA,4291719,NA,NA,NA,NA,4.4,5.182814645
"94","Lesotho","LSO",428725861,8.44735094,11.36131524,7.28,2617.302097,270.4230396,47.416,20.5,3.25,41.3270416259766,NA,53.2792892456055,110.963172912598,NA,30.3329200744629,0.76,NA,NA,2015000,NA,NA,2216850,NA,NA,NA,NA,NA,45.26149435
"95","Liberia","LBR",636071958.5,3.38634341,15.29138816,6.54,771.9054262,81.13406016,60.663,18.299999,4.87,NA,2.75756001472473,NA,NA,NA,35.2201309204102,1.9,NA,NA,4136000,NA,NA,4244684,NA,NA,NA,NA,NA,2.279343665
"96","Libya","LBY",NA,3.02,0.306616326,1.29,24956.37515,1148.51074,71.901,25.799999,2.39,NA,NA,NA,NA,NA,NA,11.89,NA,NA,6286000,51.3,25.3,6469497,NA,NA,NA,NA,NA,3.91128523
"97","Lithuania","LTU",15551737.5,4.34953944,0.032475196,0.42,24049.35398,1583.971811,73.706,40.599998,1.57,94.0968780517578,4.76686000823975,101.478462219238,99.5406723022461,1.24855005741119,27.2426700592041,15.6,NA,NA,3046000,53.62,47.04,3292454,NA,99.8454666137695,99.8666229248047,35.3,21,6.991620409
"98","Luxembourg","LUX",NA,5.98807092,0.397688435,0.23,89505.15896,6541.348173,80.955,38.900002,1.56,109.486976623535,4.09041023254395,100.226570129395,97.044548034668,NA,41.0526313781738,18.54,NA,NA,531000,62.73,48.82,523362,NA,NA,NA,17,NA,1.13956899
"99","Macedonia","MKD",6172843.5,4.42539678,0.019057958,0.92,11549.66814,803.0028492,75.019,35.700001,1.49,NA,NA,82.0343170166016,85.7572174072266,NA,38.5881309509277,NA,NA,NA,2074000,46.2,29.98,2066785,NA,NA,NA,23.3,25.7,1.778160115
"100","Madagascar","MDG",6064218515,1.8161053,66.01103562,3.9,1370.950275,48.34825107,64.28,18,4.44,33.3850898742676,2.73217010498047,38.0275917053223,145.18586730957,NA,NA,NA,NA,NA,22347000,93.36,90.74,21928518,NA,NA,NA,24.5,28.2,1.674379017
"101","Malawi","MWI",3635486505,6.76593456,17.08353186,4.92,1039.759359,91.98897678,58.629,16.700001,4.99,18.9148693084717,NA,34.4493789672852,140.161651611328,1.29812002182007,NA,0.15,NA,NA,15396000,NA,NA,15882815,NA,NA,NA,NA,NA,2.035414912
"102","Malaysia","MYS",4025074,2.21523329,0.309727651,0.64,22590.79152,901.8176385,74.877,26,2.11,88.063232421875,5.73902988433838,70.7941131591797,103.828430175781,1.71114003658295,45.8790092468262,5.81,6.73,6.9,29068000,NA,NA,29321798,NA,NA,NA,NA,NA,2.009712885
"103","Maldives","MDV",2975115,6.50292714,1.345136938,0.93,12611.58587,1156.968838,76.664,25,2.21,97.2763824462891,3.76038002967834,NA,NA,NA,NA,0.25,NA,NA,397000,NA,NA,324313,NA,NA,NA,NA,NA,0.876470158
"104","Mali","MLI",1814379084,1.67327338,25.27820472,7.47,1804.942604,101.1760025,56.135,16.200001,6.4,NA,3.47949004173279,NA,80.8540115356445,0.799440026283264,NA,0.78,NA,NA,15979000,NA,NA,16318897,NA,56.3150215148926,39.0085601806641,NA,NA,6.111397833
"105","Malta","MLT",NA,6.62523457,0.055898178,0.58,29131.73091,2959.790927,81.314,40.099998,1.41,92.4050598144531,6.52369022369385,85.8246688842773,90.6702117919922,1.57671999931335,24.9244709014893,10.52,NA,NA,422000,62.47,35.25,419212,NA,98.4039764404297,99.3865737915039,26.6,NA,1.22677524
"106","Marshall Islands","MHL",NA,13.90652174,7.160834557,3.11,3626.424778,620.7890145,71.968,NA,NA,NA,NA,NA,NA,NA,NA,NA,NA,NA,57000,NA,NA,55717,NA,98.1697235107422,98.7566986083984,NA,NA,6.633415426
"107","Mauritania","MRT",51380028,1.37024701,8.042924546,5.97,3462.56176,119.3428677,63.079,19.200001,4.9,19.8079605102539,2.77579998970032,26.6236705780029,95.8698196411133,0.677320003509521,NA,0.97,NA,NA,3707000,58,25,3622961,NA,NA,NA,NA,NA,4.017465587
"108","Mauritius","MUS",961191,2.29270279,1.055400425,1.31,17093.32093,804.5865808,73.96,32.900002,1.51,81.0235977172852,3.41820001602173,91.8419189453125,103.176071166992,0.342350006103516,NA,1.88,NA,NA,1253000,71.66,38.69,1313803,NA,97.6891479492188,98.5759201049805,23.1,NA,2.931261948
"109","Mexico","MEX",567192151.5,3.16097116,5.473900232,1.41,16394.63067,1051.515253,74.966,25.9,2.3,79.2484588623047,5.16543006896973,85.0917587280273,104.651443481445,1.02208995819092,32.0080795288086,9.81,4.82,4.15,117274000,74.92,41.7,116146768,13.6,98.4165573120117,98.5066604614258,NA,NA,27.07287629
"110","Micronesia (country)","FSM",3814250,11.58813926,5.70050772,3.08,3343.876355,444.7506964,66.817,20.200001,NA,NA,NA,NA,NA,NA,NA,NA,NA,NA,105000,NA,NA,NA,NA,NA,NA,NA,NA,5.659744071
"111","Moldova","MDA",987544,5.51752278,0.020329295,1.44,4150.504763,501.6483238,70.581,34.200001,1.27,85.1498336791992,8.34895992279053,88.1958694458008,93.7979736328125,1.63802003860474,NA,8.76,NA,NA,4076000,40.55,36.54,3519266,NA,NA,NA,NA,25.7,6.575331687
"112","Mongolia","MNG",1169241,2.2605149,0.077046794,1.91,9788.825022,421.3681159,68.217,25.700001,2.77,NA,5.19520998001099,NA,116.917663574219,0.310420006513596,NA,19.66,NA,NA,2825000,63.26,53.72,2844081,NA,NA,NA,38.7,35.6,9.253881136
"113","Montenegro","MNE",2235844,4.47237839,0.080991928,0.51,14066.4356,979.6898021,75.823,36.400002,1.73,93.1991729736328,NA,91.3880920410156,95.2785415649414,NA,NA,NA,NA,NA,626000,45.91,34.62,632796,NA,99.3607864379883,99.0526123046875,24.8,19.3,3.631997815
"114","Morocco","MAR",66327727,2.18146636,0.378535871,2.51,6791.335135,425.1429937,74.97,26.299999,2.58,62.2574615478516,NA,69.0629501342773,116.508682250977,NA,NA,5.35,NA,NA,33242000,67.23,22.28,32598536,NA,88.8294219970703,74.0342864990234,NA,4.3,1.242761712
"115","Mozambique","MOZ",4760713834,2.77638277,16.55116531,6.35,994.1248942,56.55687427,53.931,17,5.47,21.6310691833496,6.07551002502441,24.4109306335449,104.001586914063,NA,27.3816699981689,0.26,NA,NA,24863000,60.69,62.74,24475186,NA,NA,NA,NA,NA,6.897853854
"116","Myanmar","MMR",NA,0.8196291,3.871329281,4.56,4148.698196,85.14629454,64.453,26.299999,2.32,NA,NA,NA,NA,NA,64.8559036254883,5.15,NA,NA,51414000,NA,NA,48724387,NA,NA,NA,NA,NA,2.061632592
"117","Namibia","NAM",88299194,4.85409775,7.741746867,3.82,8967.163152,743.4864042,59.387,19.9,3.59,58.0817108154297,NA,NA,109.513000488281,1.92754995822906,NA,0.76,NA,NA,2195000,53.33,43.06,2364433,NA,93.4585189819336,95.346321105957,25.6,NA,16.3365614
"118","Nepal","NPL",339468250,2.4668546,2.097848881,3.42,2103.353638,126.9398395,68.426,21.299999,2.38,74.9781188964844,3.76116991043091,64.6816864013672,142.64192199707,0.502489984035492,NA,1.75,NA,NA,26989000,NA,NA,31011137,NA,89.8840179443359,80.2068328857422,NA,17.2,1.677465357
"119","Netherlands","NLD",NA,9.52842158,0.326733316,0.36,45411.35235,5115.013393,81.212,40.799999,1.76,NA,5.4756498336792,130.175903320313,107.579963684082,1.55833005905151,22.9999103546143,15.63,NA,NA,16792000,67.01,55.6,16714228,NA,NA,NA,28.3,NA,0.97700041
"120","New Zealand","NZL",NA,9.54766661,0.080153738,0.5,33369.26946,3726.998931,81.233,36.599998,2.07,NA,7.15267992019653,118.57006072998,98.574951171875,1.88724005222321,35.0102386474609,15.5,NA,NA,4468000,69.04,57.96,4461257,5.9,NA,NA,NA,NA,1.361515269
"121","Nicaragua","NIC",96643386,4.26016257,2.238866477,1.77,4453.253517,359.1924492,72.951,23.1,2.34,NA,NA,NA,NA,1.17037999629974,NA,10.33,NA,NA,5983000,NA,NA,5954898,NA,NA,NA,49.7,NA,8.90864307
"122","Niger","NER",1560974184,2.2118347,8.161074968,5.76,862.8663997,51.95151069,58.79,15,7.42,11.9315900802612,4.32767009735107,15.5687799453735,69.3842391967773,0.469260007143021,NA,0.51,NA,NA,17795000,NA,NA,16644339,NA,NA,NA,NA,NA,4.904294864
"123","Nigeria","NGA",23789918320,1.03316953,12.02008632,7.57,5339.451668,178.3101464,51.786,17.9,5.76,NA,NA,NA,NA,NA,NA,NA,NA,NA,167228992,NA,NA,166629383,NA,NA,NA,NA,NA,3.776878065
"124","North Korea","PRK",NA,NA,1.945474835,1.98,NA,NA,70.454,33,1.96,NA,NA,NA,NA,NA,NA,NA,NA,NA,24801000,NA,NA,24553672,NA,NA,NA,NA,NA,2.907984329
"125","Norway","NOR",NA,7.773856,0.317734827,0.24,63003.4109,6116.47888,81.512,38.700001,1.85,100.60572052002,7.36425018310547,110.720718383789,99.8311614990234,1.99974000453949,30.5583896636963,12.16,NA,NA,5014000,71.64,66.64,4960482,6.4,NA,NA,31.2,NA,0.866499435
"126","Oman","OMN",NA,2.07995677,0.14926855,0.98,43030.17781,1073.913927,76.149,26.200001,2.88,95.5134735107422,NA,NA,106.831840515137,NA,NA,NA,NA,NA,3498000,NA,NA,2904037,NA,NA,NA,NA,NA,0.593469341
"127","Pakistan","PAK",1156387671,1.01846302,1.664936145,6.97,4367.451996,123.3250287,65.849,21.4,3.74,44.956371307373,2.13628005981445,38.2846603393555,91.4150695800781,NA,NA,4.43,NA,NA,187280000,NA,NA,179951140,NA,78.0424194335938,63.1368103027344,NA,6,5.356985459
"128","Palestine","PSE",280867.5,NA,0.384180535,1.94,4841.813486,NA,73.041,18.200001,4.28,77.9552001953125,5.13267993927002,83.0920333862305,94.1372680664063,NA,45.0162582397461,NA,NA,NA,4242000,45.97,9.75,NA,NA,99.2598571777344,99.3669967651367,15.5,1.2,6.132164906
"129","Panama","PAN",37349136,4.9715198,3.099880704,1.62,18441.35151,1320.360655,77.188,27.200001,2.6,73.8649215698242,NA,85.640510559082,106.218208312988,NA,41.7141189575195,14.37,7.17,6.99,3771000,77.27,45.65,3624991,NA,NA,NA,46.5,NA,21.48355625
"130","Papua New Guinea","PNG",623782445,3.65327954,12.43261379,4.83,3230.318722,114.8793174,62.604,20.9,3.87,62.5336685180664,NA,40.346321105957,114.735412597656,NA,NA,0.54,NA,NA,7631000,NA,NA,7170112,NA,NA,NA,NA,NA,12.15616737
"131","Paraguay","PRY",50882095,4.59860124,5.128919968,2.08,7312.40983,769.2427259,73.068,23.299999,2.63,73.9089508056641,4.96303987503052,76.5734786987305,105.986167907715,0.698459982872009,NA,3.88,5.24,4.86,6422000,80.17,56.65,6682943,NA,NA,NA,NA,NA,12.01066162
"132","Peru","PER",236350348,2.84664765,2.694058508,1.44,10943.91927,571.7056344,74.981,25.9,2.5,80.5217819213867,2.92276000976563,93.4310531616211,101.441421508789,0.393559992313385,NA,12.27,4.96,3.7,29507000,81.95,67.24,29733829,NA,NA,NA,NA,NA,4.033620346
"133","Philippines","PHL",1824562438,1.38625636,6.201224008,2.39,5988.804388,274.4892936,70.149,23.1,3.07,NA,NA,NA,NA,NA,39.6892509460449,5.48,NA,NA,97213000,72.69,46.55,96471461,NA,NA,NA,41.1,NA,14.50839367
"134","Poland","POL",0,4.57751554,0.127828319,0.46,23218.1113,1544.559029,76.968,38.099998,1.34,NA,4.81181001663208,97.44140625,101.52027130127,1.15448999404907,39.9247817993164,11.37,NA,NA,38227000,58.23,42.89,38317090,10.6,NA,NA,35,20.6,1.985591752
"135","Portugal","PRT",NA,6.23891139,0.308531509,0.3,25805.84983,2624.03726,80.513,41.599998,1.29,NA,4.94640016555786,108.95246887207,110.008628845215,1.08889997005463,38.5163497924805,3.26,8.26,7.53,10526000,55.99,46.22,10699333,16.3,99.3917999267578,99.4796371459961,27.9,NA,1.597713732
"136","Qatar","QAT",NA,1.83147767,0.04564629,0.74,125302.08,2855.522737,79.399,31.799999,2,NA,3.50744009017944,NA,NA,NA,31.0136203765869,10.05,NA,NA,2196000,95.55,50.92,1938754,NA,97.5791625976563,98.7493286132813,NA,NA,0.909519779
"137","Romania","ROU",0,4.39738629,0.184989317,0.94,18302.02629,1005.042832,74.744,39.400002,1.49,87.2970733642578,2.94603991508484,99.3621368408203,95.5405197143555,0.984799981117249,40.8415298461914,6.61,NA,NA,20227000,58.94,43.43,21387517,NA,99.0140914916992,98.9762191772461,30.8,20.1,2.265379282
"138","Russia","RUS",9930920,3.7958389,0.106469684,0.84,25156.42094,1653.680618,69.944,38,1.62,87.1583633422852,3.78973007202148,96.1664505004883,101.195411682129,NA,NA,24.74,NA,NA,143994000,70.38,60.06,142703181,NA,NA,NA,NA,NA,17.49612603
"139","Rwanda","RWA",1729595935,2.8358772,17.09810345,3.75,1521.626448,115.9307712,65.438,19.1,4.27,35.6226081848145,4.68882989883423,38.3910713195801,141.301040649414,1.12612998485565,30.0027809143066,0.53,NA,NA,10550000,NA,NA,11271786,NA,NA,NA,NA,NA,4.980891334
"140","Saint Lucia","LCA",12632796,4.2074087,2.065418198,1.61,12064.76572,873.0018097,75.138,30.299999,1.51,89.9131011962891,3.5901300907135,91.1065673828125,NA,0.189030006527901,NA,NA,NA,NA,177000,61.14,50.88,177794,NA,NA,NA,NA,NA,18.62784138
"141","Saint Vincent and the Grenadines","VCT",NA,4.40344684,4.310748398,1.77,10009.13083,863.0065033,71.879,27.9,2.02,92.8192825317383,NA,100.978866577148,105.322959899902,0.356489986181259,NA,NA,NA,NA,108000,NA,NA,109367,NA,NA,NA,NA,NA,20.10746042
"142","Samoa","WSM",158118,4.33764124,4.217217547,1.57,5644.292861,288.6519309,72.136,20.799999,4.21,102.420272827148,NA,85.71044921875,105.154022216797,NA,NA,NA,NA,NA,189000,NA,NA,184772,NA,99.0296173095703,99.4580383300781,41.6,NA,3.153495639
"143","Sao Tome and Principe","STP",9349767,2.48230437,9.911927718,3.05,2718.163543,275.6556145,68.306,17.799999,4.69,NA,6.33950996398926,59.2291488647461,114.391311645508,NA,NA,NA,NA,NA,188000,NA,NA,171878,NA,NA,NA,NA,NA,5.499141239
"144","Saudi Arabia","SAU",NA,2.75228269,0.535210265,0.9,49658.6527,1920.380701,74.254,25.9,2.78,95.2920074462891,NA,NA,102.270561218262,NA,39.7597007751465,6.67,NA,NA,29155000,75.54,15.97,28705133,NA,NA,NA,NA,NA,0.86362497
"145","Senegal","SEN",1203154537,2.17986622,7.566617055,3.93,2187.17909,95.01243387,65.448,18.1,5,33.9966888427734,5.93447017669678,NA,81.1581726074219,1.37602996826172,NA,1.25,NA,NA,13402000,NA,NA,13107945,NA,73.9665069580078,58.9990196228027,NA,NA,1.030856882
"146","Serbia","SRB",1497960,6.04971324,0.092953305,0.62,12898.70491,1266.62247,74.619,38.799999,1.58,102.665901184082,4.42657995223999,94.1696166992188,100.571311950684,1.33385002613068,37.2793617248535,8.97,NA,NA,8940000,42.78,28.73,9846582,NA,99.3454437255859,99.2699127197266,NA,14.3,2.705186635
"147","Seychelles","SYC",287109,3.79789254,1.290416483,1.24,22618.01239,919.6957731,73.041,31.299999,2.37,NA,NA,80.8899993896484,108.844131469727,NA,NA,NA,NA,NA,93000,NA,NA,87169,NA,NA,NA,NA,NA,6.196710604
"148","Sierra Leone","SLE",530713358,1.98087849,23.1954355,9.98,1402.697094,179.022627,51.018,17.799999,4.92,54.2148284912109,2.87204003334045,49.1665115356445,128.320404052734,0.508390009403229,NA,1.22,NA,NA,6713000,NA,NA,6126450,NA,NA,NA,NA,NA,1.488977012
"149","Singapore","SGP",NA,1.50107774,0.0113359,0.22,76285.56992,3258.996796,82.254,37.299999,1.26,NA,3.11265993118286,NA,NA,1.08984005451202,NA,29.71,NA,NA,5369000,73.43,55.27,5256278,NA,99.8840408325195,99.8017425537109,NA,NA,0.529489201
"150","Slovakia","SVK",4502202,5.67922105,0.071699473,0.55,26218.4716,2064.596533,76.067,37.299999,NA,86.2756118774414,3.90920996665955,93.3659210205078,101.627891540527,0.810060024261475,35.6285591125488,8.76,NA,NA,5415000,59.13,43.32,5480332,16,NA,NA,30.4,14,2.661634371
"151","Slovenia","SVN",0,6.80388719,0.013096137,0.23,27976.91631,2616.847383,80.001,41.5,1.57,95.9445877075195,5.64783000946045,97.8559494018555,98.9379119873047,1.33759999275208,29.4798793792725,13.25,NA,NA,2058000,57.75,47.34,2040057,NA,NA,NA,40.3,18.8,1.08141699
"152","Solomon Islands","SLB",43635020,5.09469496,6.500087574,2.04,2119.467968,112.9780315,71.296,19.5,4.1,63.5813598632813,NA,48.4367904663086,113.270011901855,NA,NA,NA,NA,NA,556000,NA,NA,566481,NA,NA,NA,NA,NA,5.477783615
"153","Somalia","SOM",NA,NA,27.98025627,9.16,NA,NA,54.713,16.1,6.67,NA,NA,NA,NA,NA,NA,NA,NA,NA,12715000,NA,NA,9797445,NA,NA,NA,NA,NA,12.24877789
"154","South Africa","ZAF",1750222012,4.27629351,5.10311414,3.61,12215.25187,1097.427426,60.06,24.799999,2.55,NA,6.3716402053833,91.9577331542969,97.6297607421875,0.679589986801147,40.4559783935547,0.32,NA,NA,52833000,46.59,32.98,50738255,NA,98.4306411743164,99.1521377563477,34.8,NA,30.90263759
"155","South Korea","KOR",NA,0.91707714,0.105769642,0.33,31776.89703,2245.553976,81.137,38,1.22,NA,4.61822986602783,95.9358978271484,101.362648010254,NA,27.4189395904541,30.04,22.46,15.12,50061000,70.77,48.43,48588326,36.3,NA,NA,NA,NA,1.709916953
"156","South Sudan","SSD",3087732465,NA,27.81327717,6.37,1550.269284,50.44431903,55.791,18.1,5.2,NA,NA,NA,NA,NA,NA,NA,NA,NA,10114000,NA,NA,10386101,NA,NA,NA,NA,NA,18.73105639
"157","Spain","ESP",NA,6.7346152,0.13220948,0.3,31109.18746,2997.551666,82.384,40.599998,1.35,NA,4.43187999725342,131.034164428711,103.546768188477,1.12929999828339,30.88916015625,14.96,23.02,18.71,47063000,50.02,40.06,46771596,NA,99.6546478271484,99.7459716796875,28.8,NA,0.822220144
"158","Sri Lanka","LKA",41067683,1.21959941,0.70614139,0.93,9980.022952,288.0044676,75.796,30.4,2.14,92.4898681640625,1.49617004394531,99.6474380493164,100.095802307129,0.28218999505043,40.9030494689941,8.51,NA,NA,20533000,72.85,30.89,21223550,NA,NA,NA,NA,NA,3.932596568
"159","Sudan","SDN",656412313.5,1.87179556,1.885069731,4.92,4097.068622,262.379384,63.542,18.299999,4.77,45.839771270752,NA,40.2119216918945,69.1164398193359,NA,42.4131889343262,1.87,NA,NA,36194000,NA,NA,35335982,NA,NA,NA,NA,NA,2.262809771
"160","Suriname","SUR",52523609.5,3.21586169,2.362746177,2.05,15132.25261,955.9659008,70.851,27.200001,2.47,NA,NA,NA,NA,NA,NA,NA,NA,NA,541000,69.8,43.77,534175,NA,NA,NA,NA,NA,9.656086057
"161","Swaziland","SWZ",139551618,6.29539313,9.696853073,5.13,7528.841673,526.6362255,49.862,19.200001,3.36,46.0076904296875,NA,60.6712913513184,114.339881896973,1.15412998199463,NA,1.64,NA,NA,1079000,NA,NA,1220408,NA,NA,NA,NA,NA,28.36848931
"162","Sweden","SWE",NA,9.95552109,0.278566195,0.25,43308.21447,5007.480762,81.834,40.700001,1.91,94.7001266479492,7.65618991851807,98.0395889282227,101.975357055664,1.92183005809784,32.2980117797852,14.93,NA,NA,9543000,67.85,62.96,9495392,15.1,NA,NA,34.5,NA,1.238666641
"163","Switzerland","CHE",NA,7.49878485,0.202005406,0.39,56149.67086,6173.036453,82.626,41.599998,1.52,95.913330078125,5.03337001800537,96.2256622314453,102.909339904785,1.25215995311737,NA,17.88,NA,NA,8008000,71.31,57.96,7733709,19.3,NA,NA,30.9,NA,0.720027545
"164","Tajikistan","TJK",286521605.5,1.87760452,0.170510691,3.43,2324.369287,152.4609277,69.34,21.299999,3.49,86.2967224121094,4.01803016662598,86.8061065673828,98.9506225585938,0.403690010309219,NA,3.74,NA,NA,7875000,NA,NA,7078755,NA,NA,NA,NA,9.6,2.824313834
"165","Tanzania","TZA",4797653805,2.79046023,15.25444211,4.48,2227.828714,127.1119071,60.47,17.200001,5.29,39.4913711547852,NA,34.2448997497559,90.1047592163086,1.30798995494843,NA,0.36,NA,NA,47053000,NA,NA,47656367,NA,NA,NA,NA,14,5.959350162
"166","Thailand","THA",4657546,3.24811916,0.46615799,1.04,14448.30501,573.3940428,74.992,35.5,1.53,NA,4.53669023513794,87.1241226196289,97.4781188964844,0.579540014266968,NA,10.47,NA,NA,67836000,80.6,64.88,69892142,NA,NA,NA,NA,NA,6.843409631
"167","Timor","TLS",35250605,0.91575551,5.901396861,4.82,9977.079097,95.84250102,67.72,17.1,NA,75.2894592285156,NA,71.8170471191406,135.2060546875,1.09411001205444,NA,NA,NA,NA,1133000,NA,NA,NA,NA,NA,NA,NA,NA,2.663545994
"168","Togo","TGO",1044827100,1.94779734,10.50092053,5.61,1259.334474,67.31487705,58.661,18.6,4.73,NA,4.72764015197754,NA,128.482025146484,0.740059971809387,NA,1.51,NA,NA,6774000,NA,NA,6283092,NA,86.9166793823242,72.708122253418,NA,NA,5.854096491
"169","Tonga","TON",131765,3.64053035,5.513618258,1.5,5128.53418,231.4315242,70.242,21.200001,3.82,NA,NA,91.14111328125,110.411590576172,NA,NA,2.91,NA,NA,103000,NA,NA,104891,NA,99.366569519043,99.5104293823242,NA,NA,2.220744752
"170","Trinidad and Tobago","TTO",1208077,2.89498885,1.342782512,2.65,31254.78873,1706.688453,72.382,31.9,1.8,NA,NA,NA,NA,NA,NA,6.48,NA,NA,1345000,NA,NA,1350999,NA,NA,NA,NA,NA,26.74034998
"171","Tunisia","TUN",17942232,4.15787253,0.223737075,1.36,10404.22409,766.0400576,75.376,29.200001,2.21,NA,6.25037002563477,NA,109.868606567383,1.76217997074127,42.866870880127,7.38,NA,NA,10847000,60.03,19.17,10704948,NA,98.236328125,96.3175888061523,NA,8.5,0.651565027
"172","Turkey","TUR",5190847.5,4.1491433,0.517511332,1.43,20282.02838,948.7019637,75.373,28.299999,2.12,95.3690719604492,4.41900014877319,85.1072387695313,98.6066207885742,NA,34.3894004821777,5.28,NA,NA,74651000,64.98,26.32,74508771,NA,99.4467010498047,97.9363021850586,14.3,5.4,2.084376607
"173","Turkmenistan","TKM",17568435.5,1.27337639,0.09368776,4.71,12235.36862,248.8387752,67.167,24.4,2.94,NA,3.04924988746643,NA,NA,NA,NA,NA,NA,NA,5268000,NA,NA,5169660,NA,NA,NA,NA,NA,4.072165422
"174","Uganda","UGA",2550734610,2.15389932,13.10589693,4.51,1608.439799,133.5744714,59.017,15.3,5.96,NA,2.48313999176025,NA,NA,0.254590004682541,NA,1.23,NA,NA,34559000,NA,NA,35620977,NA,NA,NA,NA,15.4,4.245034236
"175","Ukraine","UKR",0,4.12524044,0.104549878,0.92,8322.173034,636.3530089,70.464,39.5,1.49,99.474967956543,6.69232988357544,97.1062927246094,107.957572937012,NA,30.0863990783691,24.55,NA,NA,45454000,NA,NA,44940268,NA,NA,NA,NA,18.8,8.016280733
"176","United Arab Emirates","ARE",NA,2.55002589,0.164935905,0.7,59419.08949,1993.590901,76.711,31.9,1.82,NA,NA,NA,101.423202514648,NA,45.8016586303711,8.54,NA,NA,9142000,NA,NA,8105873,NA,NA,NA,NA,NA,1.23460079
"177","United Kingdom","GBR",NA,7.80263316,0.073460905,0.41,36892.85031,3322.940065,80.739,39.599998,1.89,NA,NA,91.3931427001953,108.243148803711,0.973940014839172,30.5577507019043,15.31,NA,NA,64525000,63.14,52.24,62798099,17.8,NA,NA,32.4,NA,0.556427725
"178","United States","USA",NA,8.04235781,0.649532141,0.61,50520.34829,8789.767513,78.862,36.900002,1.9,NA,5.19485998153687,94.9803237915039,99.5644073486328,1.3903900384903,30.3907203674316,26.76,NA,NA,314044000,64.39,53.13,315791284,19.1,NA,NA,39.2,NA,5.678312409
"179","Uruguay","URY",2593690,5.94708868,1.570492689,0.85,18477.37913,1640.65921,77.004,33.700001,2.05,NA,NA,NA,NA,NA,NA,3.5,6.72,6.14,3379000,71.3,51.95,3391428,NA,98.6134033203125,99.120979309082,36.5,NA,6.383190273
"180","Uzbekistan","UZB",1542218477,3.12737145,0.03271631,2.78,4765.860109,323.7948448,70.155,24.5,2.4,NA,NA,NA,NA,NA,NA,NA,NA,NA,29449000,NA,NA,28077486,NA,NA,NA,NA,13.4,2.524154229
"181","Vanuatu","VUT",6206825,3.16739626,7.407017474,2.45,2899.164415,109.2798307,69.421,21.200001,3.42,NA,NA,NA,NA,NA,NA,NA,NA,NA,250000,NA,NA,251674,NA,NA,NA,NA,NA,1.71884821
"182","Venezuela","VEN",1324862400,1.67563803,1.516335191,1.46,17678.8125,865.2300762,73.037,25.799999,2.42,77.953971862793,NA,84.3941497802734,101.530693054199,NA,NA,2.96,NA,NA,29361000,64.63,41.16,29890694,NA,96.8898620605469,98.2363662719727,NA,NA,52.72493464
"183","Vietnam","VNM",357220463,3.72212414,0.097141067,1.79,4821.137231,342.1910244,74.958,28.5,1.96,78.4327697753906,5.53328990936279,NA,106.958633422852,0.924910008907318,25.2475299835205,3.27,NA,NA,89802000,NA,NA,89730274,NA,NA,NA,NA,NA,1.845484342
"184","Yemen","YEM",NA,1.57162782,2.472157161,4.32,3793.412118,210.6413092,65.92,18,4.44,48.1689186096191,NA,46.236141204834,94.4250335693359,NA,NA,1.5,NA,NA,24473000,NA,NA,NA,NA,NA,NA,NA,1.6,3.060375293
"185","Zambia","ZMB",3019621056,2.53637046,21.40492908,4.96,3509.413319,175.0925745,58.502,16.5,5.24,55.3490791320801,NA,NA,109.210647583008,NA,NA,0.49,NA,NA,14465000,NA,NA,13883577,NA,NA,NA,NA,23.8,6.202861112
"186","Zimbabwe","ZWE",427411678.5,2.78944514,31.16849648,4.84,1871.36634,112.2177969,55.032,18.6,4,64.4760131835938,7.29442977905273,46.6731796264648,102.446983337402,0.450210005044937,26.9708404541016,0.38,NA,NA,13115000,NA,NA,13013678,NA,89.5905838012695,92.1245574951172,NA,NA,8.984186721
